{"cameraMode":{"drawMode":0,"name":"Shaded","section":"Shading Mode"},"sceneLighting":true,"audioPlay":false,"sceneViewState":{"showFog":false,"showMaterialUpdate":false,"showSkybox":false,"showFlares":false,"showImageEffects":false,"showParticleSystems":false},"in2DMode":false,"pivot":{"x":0.3623555898666382,"y":2.1330037117004396,"z":-6.34375},"rotation":{"x":-0.11540421098470688,"y":-0.050043974071741107,"z":0.005821666214615107,"w":-0.9920402765274048},"size":13.38587760925293,"orthographic":false}